{"train_loss": [2.325727641582489, 2.1199101209640503, 2.16976398229599, 2.180983930826187, 2.1323730051517487, 2.1354558169841766, 2.1176497638225555, 2.1032977402210236, 2.074576497077942, 2.074899137020111, 2.060343712568283, 2.022939920425415, 1.9915272891521454, 1.982505887746811, 1.9611735343933105, 1.9405689537525177, 1.9093906879425049, 1.8658788204193115, 1.8445978462696075, 1.819297432899475], "val_loss": [0.2490842490842491, 0.40594059405940597, 0.40594059405940597, 0.40594059405940597, 0.40594059405940597, 0.40594059405940597, 0.40594059405940597, 0.40594059405940597, 0.40594059405940597, 0.40594059405940597, 0.40594059405940597, 0.40594059405940597, 0.40594059405940597, 0.46, 0.628165402286569, 0.5696996862393546, 0.5965934558493948, 0.6808510638297873, 0.648874987387751, 0.6663790624101236], "train_acc": [0.5811065435409546, 0.6126617789268494, 0.6447939276695251, 0.6363667249679565, 0.6088749766349792, 0.5812780857086182, 0.570166826248169, 0.5675885081291199, 0.5728433132171631, 0.583245038986206, 0.5769055485725403, 0.568401575088501, 0.5556775331497192, 0.539110004901886, 0.53118497133255, 0.5347732901573181, 0.5231651067733765, 0.513547956943512, 0.5079074501991272, 0.4991641938686371], "val_acc": [0.36170212765957444, 0.36170212765957444, 0.36170212765957444, 0.36170212765957444, 0.36170212765957444, 0.36170212765957444, 0.36170212765957444, 0.36170212765957444, 0.36170212765957444, 0.36170212765957444, 0.36170212765957444, 0.36170212765957444, 0.36170212765957444, 0.5738636363636364, 0.5738636363636364, 0.4409937888198758, 0.5738636363636364, 0.6534017971758664, 0.6534017971758664, 0.625], "_timestamp": 1698078015.626178, "_runtime": 1377.764701128006, "_step": 22, "losses_and_f1s_fig": {"_type": "image-file", "sha256": "0d27348cbef7d9e87bf6ed3dfa3355b0bd3dfea70cc9811bd8e3ea7badf01485", "size": 48096, "path": "media/images/losses_and_f1s_fig_1_0d27348cbef7d9e87bf6.png", "format": "png", "width": 1200, "height": 600}, "Train Loss": 1.819297432899475, "Train F1 (macro)": 0.6663790624101236, "Validation Loss": 0.4991641938686371, "Validation F1 (macro)": 0.625}