{"Train Loss": 0.8481539487838745, "Train F1 (macro)": 0.7150997150997151, "Validation Loss": 0.5607731938362122, "Validation F1 (macro)": 0.6827262044653348, "_timestamp": 1698229847.165282, "_runtime": 48.58384108543396, "_step": 199, "_wandb": {"runtime": 160}}