{"Train Loss": NaN, "Train F1 (macro)": 0.24050632911392406, "Validation Loss": NaN, "Validation F1 (macro)": 0.3023255813953488, "_timestamp": 1698227196.1533508, "_runtime": 37.90407586097717, "_step": 199, "_wandb": {"runtime": 69}}