{"Train Loss": 1.4963331818580627, "Train F1 (macro)": 0.7340930674264008, "Validation Loss": 0.48174938559532166, "Validation F1 (macro)": 0.6411483253588517, "_timestamp": 1698228219.543324, "_runtime": 56.0012149810791, "_step": 199, "_wandb": {"runtime": 54}}