{"train_loss": [2.132313758134842, 2.1670684218406677, 2.1399083137512207, 2.1029677391052246, 2.1015948355197906, 2.114233762025833, 2.105685234069824, 2.0964699387550354, 2.085255891084671, 2.0889085829257965, 2.0974258184432983, 2.082999587059021, 2.097415268421173, 2.086494952440262, 2.093927800655365, 2.0658268332481384, 2.0820748805999756, 2.078564763069153, 2.0619190633296967, 2.079491049051285, 2.057516872882843, 2.0536059737205505, 2.0777490437030792, 2.0563466548919678, 2.046998381614685, 2.06461638212204, 2.0509332716464996, 2.046649783849716, 2.054206758737564, 2.0471590161323547, 2.0285120010375977, 2.0255631506443024, 2.013113111257553, 2.028015434741974, 2.035475254058838, 2.0341400504112244, 1.9965569376945496, 2.0038202702999115, 1.9986441433429718, 2.004076600074768, 1.9878757297992706, 1.9862748980522156, 1.983417123556137, 1.9662940204143524, 1.9679231941699982, 1.9729675948619843, 1.9377088248729706, 1.9580075144767761, 1.959423691034317, 1.9493281245231628, 1.966325044631958, 1.932552844285965, 1.9585522711277008, 1.9333350360393524, 1.930199533700943, 1.9106212556362152, 1.9181391298770905, 1.928910732269287, 1.89473494887352, 1.9166142642498016, 1.914362370967865, 1.9005320966243744, 1.8602043092250824, 1.877941370010376, 1.8784857094287872, 1.8815337419509888, 1.8663507103919983, 1.8952639400959015, 1.861420452594757, 1.8734396696090698, 1.8415105938911438, 1.8547860383987427, 1.8437073826789856, 1.8278415203094482, 1.8362169861793518, 1.8244470059871674, 1.8620845079421997, 1.861819177865982, 1.8350364863872528, 1.8211675882339478, 1.8286645710468292, 1.8351081609725952, 1.8323142528533936, 1.8054836094379425, 1.820601910352707, 1.8134747743606567, 1.769780457019806, 1.8101834654808044, 1.797757089138031, 1.7702084481716156, 1.8103474974632263, 1.802924394607544, 1.766254723072052, 1.7821859419345856, 1.915158897638321, 1.9138457775115967, 2.030212491750717, 2.021638125181198, 2.0438557863235474, 2.032297194004059], "val_loss": [0.4694736842105263, 0.40594059405940597, 0.40594059405940597, 0.40594059405940597, 0.40594059405940597, 0.40594059405940597, 0.40594059405940597, 0.40594059405940597, 0.40594059405940597, 0.40594059405940597, 0.40594059405940597, 0.40594059405940597, 0.40594059405940597, 0.40594059405940597, 0.40594059405940597, 0.40594059405940597, 0.40594059405940597, 0.40594059405940597, 0.40594059405940597, 0.40594059405940597, 0.40594059405940597, 0.40594059405940597, 0.40594059405940597, 0.40594059405940597, 0.40594059405940597, 0.40594059405940597, 0.40594059405940597, 0.40594059405940597, 0.40594059405940597, 0.40594059405940597, 0.43360122464600076, 0.40594059405940597, 0.40594059405940597, 0.43360122464600076, 0.40594059405940597, 0.40594059405940597, 0.43360122464600076, 0.5269016697588126, 0.576068376068376, 0.4852310332148548, 0.40594059405940597, 0.43360122464600076, 0.43360122464600076, 0.43360122464600076, 0.43360122464600076, 0.4852310332148548, 0.5269016697588126, 0.5696996862393546, 0.49401709401709404, 0.46, 0.46, 0.46, 0.5269016697588126, 0.5899018851284312, 0.5891690009337068, 0.609375, 0.5269016697588126, 0.4990723562152133, 0.5325227245897769, 0.5547309833024119, 0.5899018851284312, 0.6354166666666666, 0.6163598280233712, 0.5487179487179487, 0.6163598280233712, 0.5512341062079282, 0.6389666977902272, 0.6317512274959083, 0.7054009819967266, 0.5957894736842105, 0.6389666977902272, 0.6025216369270221, 0.6563011456628478, 0.6739130434782608, 0.6887643946467477, 0.7271693823417962, 0.648874987387751, 0.6389666977902272, 0.6972049689440994, 0.6654719235364397, 0.657985257985258, 0.6739130434782608, 0.6739130434782608, 0.6816976127320955, 0.6389666977902272, 0.7271693823417962, 0.7555555555555555, 0.7044334975369457, 0.7044334975369457, 0.7044334975369457, 0.7044334975369457, 0.6415770609318996, 0.648874987387751, 0.6654719235364397, 0.6210526315789473, 0.657985257985258, 0.5907540735126943, 0.6444444444444444, 0.6518681318681319, 0.5868068140630663], "train_acc": [0.6157611608505249, 0.6276803612709045, 0.5887808203697205, 0.5794438719749451, 0.5734625458717346, 0.5781038999557495, 0.6028775572776794, 0.5749739408493042, 0.5773853063583374, 0.578174352645874, 0.5807510614395142, 0.578326940536499, 0.5792132616043091, 0.5705547332763672, 0.5653312802314758, 0.5689278244972229, 0.5735587477684021, 0.5832075476646423, 0.5746821165084839, 0.5675739645957947, 0.5657676458358765, 0.5681517124176025, 0.5661705732345581, 0.5676831603050232, 0.5685389041900635, 0.5724375247955322, 0.5698230266571045, 0.5693569183349609, 0.5645477771759033, 0.5628303289413452, 0.5607286095619202, 0.5620919466018677, 0.5623387098312378, 0.5672692060470581, 0.5711904764175415, 0.5683063864707947, 0.5609704256057739, 0.5562446117401123, 0.5596820712089539, 0.5667426586151123, 0.5692885518074036, 0.5628563165664673, 0.5650427937507629, 0.5674660801887512, 0.5629435181617737, 0.5577267408370972, 0.5572906732559204, 0.5570542812347412, 0.560247540473938, 0.5653631687164307, 0.568451464176178, 0.5629091858863831, 0.5580905079841614, 0.5595794320106506, 0.5563238263130188, 0.560551106929779, 0.564224123954773, 0.563197135925293, 0.5629449486732483, 0.5580711960792542, 0.5605642199516296, 0.560842752456665, 0.5621601939201355, 0.5635320544242859, 0.5592101216316223, 0.5629280805587769, 0.5582773089408875, 0.5589598417282104, 0.5603532195091248, 0.56087327003479, 0.5641266107559204, 0.5652923583984375, 0.5603790879249573, 0.5588224530220032, 0.5577250719070435, 0.5578119158744812, 0.5596200227737427, 0.5610300898551941, 0.5614530444145203, 0.5620376467704773, 0.5603352785110474, 0.5588458776473999, 0.5619421005249023, 0.5614212155342102, 0.5613452792167664, 0.5599260926246643, 0.5604190230369568, 0.561272919178009, 0.5602704286575317, 0.5586721301078796, 0.5613985657691956, 0.5636435151100159, 0.5616490840911865, 0.582272469997406, 0.5365491509437561, 0.5324899554252625, 0.5381689071655273, 0.6612206697463989, 0.6271921992301941, 0.6041735410690308], "val_acc": [0.36170212765957444, 0.36170212765957444, 0.36170212765957444, 0.36170212765957444, 0.36170212765957444, 0.36170212765957444, 0.36170212765957444, 0.36170212765957444, 0.36170212765957444, 0.36170212765957444, 0.36170212765957444, 0.36170212765957444, 0.36170212765957444, 0.36170212765957444, 0.36170212765957444, 0.36170212765957444, 0.36170212765957444, 0.36170212765957444, 0.36170212765957444, 0.36170212765957444, 0.36170212765957444, 0.36170212765957444, 0.36170212765957444, 0.36170212765957444, 0.36170212765957444, 0.36170212765957444, 0.36170212765957444, 0.36170212765957444, 0.34782608695652173, 0.34782608695652173, 0.34782608695652173, 0.34782608695652173, 0.34782608695652173, 0.34782608695652173, 0.36170212765957444, 0.34782608695652173, 0.34782608695652173, 0.5485636114911081, 0.34782608695652173, 0.34782608695652173, 0.34782608695652173, 0.34782608695652173, 0.34782608695652173, 0.34782608695652173, 0.34782608695652173, 0.5485636114911081, 0.5485636114911081, 0.5485636114911081, 0.5485636114911081, 0.34782608695652173, 0.34782608695652173, 0.34782608695652173, 0.5238095238095238, 0.5485636114911081, 0.569377990430622, 0.5238095238095238, 0.5485636114911081, 0.5485636114911081, 0.5485636114911081, 0.475, 0.5238095238095238, 0.5238095238095238, 0.5238095238095238, 0.5238095238095238, 0.5417156286721504, 0.5238095238095238, 0.5417156286721504, 0.5417156286721504, 0.475, 0.475, 0.4993581514762516, 0.4993581514762516, 0.5417156286721504, 0.5417156286721504, 0.5417156286721504, 0.5417156286721504, 0.5417156286721504, 0.5417156286721504, 0.5417156286721504, 0.5417156286721504, 0.5417156286721504, 0.5833333333333333, 0.5417156286721504, 0.5417156286721504, 0.5417156286721504, 0.5833333333333333, 0.5833333333333333, 0.5417156286721504, 0.5833333333333333, 0.5833333333333333, 0.5833333333333333, 0.5417156286721504, 0.5833333333333333, 0.5417156286721504, 0.4857142857142857, 0.3023255813953488, 0.3023255813953488, 0.36170212765957444, 0.4409937888198758, 0.5738636363636364],