{"Train Loss": 1.6844019889831543, "Train F1 (macro)": 0.711168164313222, "Validation Loss": 0.5467759966850281, "Validation F1 (macro)": 0.6827262044653348, "_timestamp": 1698227335.455786, "_runtime": 35.51060199737549, "_step": 199}