{"Train Loss": 1.0678263902664185, "Train F1 (macro)": 0.40594059405940597, "Validation Loss": 0.599014937877655, "Validation F1 (macro)": 0.36170212765957444, "_timestamp": 1698229718.083252, "_runtime": 44.24106407165527, "_step": 49}