{"Train Loss": 0.8193458393216133, "Train F1 (macro)": 0.7065704330512692, "Validation Loss": 0.4395882785320282, "Validation F1 (macro)": 0.6888888888888889, "_timestamp": 1698391203.026898, "_runtime": 18.230041980743408, "_step": 149}