{"Train Loss": NaN, "Train F1 (macro)": 0.24050632911392406, "Validation Loss": NaN, "Validation F1 (macro)": 0.3023255813953488, "_timestamp": 1698229636.758212, "_runtime": 151.8611240386963, "_step": 199, "_wandb": {"runtime": 180}}