{"Train Loss": 1.155881643295288, "Train F1 (macro)": 0.7574074074074073, "Validation Loss": 0.3005982041358948, "Validation F1 (macro)": 0.8893280632411067, "_timestamp": 1698313988.45389, "_runtime": 31.392022132873535, "_step": 149}