{"Train Loss": 1.2143464088439941, "Train F1 (macro)": 0.730648282535075, "Validation Loss": 0.29897552728652954, "Validation F1 (macro)": 0.8916129032258064, "_timestamp": 1698321158.132511, "_runtime": 32.62916684150696, "_step": 149}