{"Train Loss": 0.8784728869795799, "Train F1 (macro)": 0.7110294117647058, "Validation Loss": 0.4748784899711609, "Validation F1 (macro)": 0.657142857142857, "_timestamp": 1698495548.5089679, "_runtime": 19.274147987365723, "_step": 150, "training_validation_curves": {"_type": "image-file", "sha256": "8e6331ed05343fc8f1e4ade2436d1abfcc670cff4bff8e6df69587cb2be948c2", "size": 54202, "path": "media/images/training_validation_curves_150_8e6331ed05343fc8f1e4.png", "format": "png", "width": 1200, "height": 600}}