{"Train Loss": 0.9880852177739143, "Train F1 (macro)": 0.7079152731326644, "Validation Loss": 0.6208730340003967, "Validation F1 (macro)": 0.6199095022624435, "_timestamp": 1698311830.6610749, "_runtime": 42.21096181869507, "_step": 199}