{"Train Loss": 1.3247971832752228, "Train F1 (macro)": 0.6463615023474178, "Validation Loss": 0.37470343708992004, "Validation F1 (macro)": 0.6354166666666667, "_timestamp": 1698321096.743326, "_runtime": 28.142534971237183, "_step": 149}