{"Train Loss": 1.3770249783992767, "Train F1 (macro)": 0.832663440242802, "Validation Loss": 0.3864831328392029, "Validation F1 (macro)": 0.8285714285714285, "_timestamp": 1698079355.403156, "_runtime": 25.690598964691162, "_step": 49}