{"Train Loss": 0.31360912322998047, "Train F1 (macro)": 0.7850862911103875, "Validation Loss": 0.35285618901252747, "Validation F1 (macro)": 0.8285714285714285, "_timestamp": 1698082163.652173, "_runtime": 34.347455978393555, "_step": 199}