{"Train Loss": 0.857624739408493, "Train F1 (macro)": 0.7075241764289646, "Validation Loss": 0.5541291832923889, "Validation F1 (macro)": 0.6411483253588517, "_timestamp": 1698229182.958512, "_runtime": 55.06850814819336, "_step": 299, "_wandb": {"runtime": 54}}