{"Train Loss": 0.8193458393216133, "Train F1 (macro)": 0.7065704330512692, "Validation Loss": 0.4395882785320282, "Validation F1 (macro)": 0.6888888888888889, "_timestamp": 1698391142.2063491, "_runtime": 17.87335705757141, "_step": 149}