{"Train Loss": 1.157932609319687, "Train F1 (macro)": 0.7752450980392157, "Validation Loss": 0.298703670501709, "Validation F1 (macro)": 0.8893280632411067, "_timestamp": 1698319718.3036642, "_runtime": 32.635945320129395, "_step": 149}