{"train_loss": [2.1687299013137817, 2.157406061887741, 2.151696890592575, 2.1189878284931183, 2.118307888507843, 2.1070884466171265, 2.097414880990982, 2.076855570077896, 2.068591296672821, 2.0591099858283997, 2.0450350046157837, 2.033956855535507, 2.017948657274246, 2.005887597799301, 1.9858083724975586, 1.967905193567276, 1.9413409531116486, 1.9528684616088867, 1.9317950010299683, 1.9134910106658936], "val_loss": [0.5754383206226904, 0.40594059405940597, 0.40594059405940597, 0.40594059405940597, 0.40594059405940597, 0.40594059405940597, 0.40594059405940597, 0.40594059405940597, 0.40594059405940597, 0.40594059405940597, 0.40594059405940597, 0.40594059405940597, 0.40594059405940597, 0.46, 0.5213675213675213, 0.5325227245897769, 0.43360122464600076, 0.46, 0.46, 0.43360122464600076], "train_acc": [0.6070253252983093, 0.6352752447128296, 0.6141532063484192, 0.5838297009468079, 0.5724695920944214, 0.5730322003364563, 0.57757967710495, 0.5796406865119934, 0.583245575428009, 0.5794655680656433, 0.5676714181900024, 0.562175452709198, 0.554884672164917, 0.5386245250701904, 0.535818874835968, 0.5375157594680786, 0.5378100872039795, 0.5394420027732849, 0.5381004214286804, 0.5335325598716736], "val_acc": [0.36170212765957444, 0.36170212765957444, 0.36170212765957444, 0.36170212765957444, 0.36170212765957444, 0.36170212765957444, 0.36170212765957444, 0.36170212765957444, 0.36170212765957444, 0.36170212765957444, 0.36170212765957444, 0.36170212765957444, 0.36170212765957444, 0.5738636363636364, 0.5738636363636364, 0.5738636363636364, 0.36170212765957444, 0.36170212765957444, 0.36170212765957444, 0.5111111111111111], "_timestamp": 1698076186.528768, "_runtime": 11.123167037963867, "_step": 1, "losses_and_f1s_fig": {"_type": "image-file", "sha256": "3a06e6d03f2aa43c3491bb6241e1e93e4f64d2a9ca78bacce9b27acc59884b03", "size": 43699, "path": "media/images/losses_and_f1s_fig_1_3a06e6d03f2aa43c3491.png", "format": "png", "width": 1200, "height": 600}, "_wandb": {"runtime": 227}}