{"Train Loss": 1.4690143764019012, "Train F1 (macro)": 0.8299858321526794, "Validation Loss": 0.40969228744506836, "Validation F1 (macro)": 0.7532314923619271, "_timestamp": 1698078162.108423, "_runtime": 29.299065113067627, "_step": 50, "train_loss": [2.246534526348114, 2.2093818187713623, 2.2010990381240845, 2.171937644481659, 2.137540429830551, 2.1292179822921753, 2.1150158643722534, 2.112724244594574, 2.098074972629547, 2.068238228559494, 2.067447066307068, 2.036691904067993, 2.017358899116516, 1.995452731847763, 1.9947518110275269, 1.9926725625991821, 1.9853700697422028, 1.941807597875595, 1.9045968353748322, 1.8969656825065613, 1.8667241930961609, 1.8587002754211426, 1.8300980031490326, 1.8190062940120697, 1.7896338403224945, 1.780455619096756, 1.747977077960968, 1.7446810901165009, 1.7210340201854706, 1.6995874345302582, 1.6829487085342407, 1.6655133664608002, 1.6531468331813812, 1.652485340833664, 1.6228366494178772, 1.6146261394023895, 1.5952469408512115, 1.5896857380867004, 1.5637744963169098, 1.5722930431365967, 1.5581182539463043, 1.5384446680545807, 1.5255800783634186, 1.5187606811523438, 1.5008257031440735, 1.5114547610282898, 1.4863814115524292, 1.4843080341815948, 1.474379524588585, 1.4690143764019012], "val_loss": [0.35295832118915765, 0.40594059405940597, 0.40594059405940597, 0.40594059405940597, 0.40594059405940597, 0.40594059405940597, 0.40594059405940597, 0.40594059405940597, 0.40594059405940597, 0.40594059405940597, 0.40594059405940597, 0.40594059405940597, 0.40594059405940597, 0.40594059405940597, 0.43360122464600076, 0.43360122464600076, 0.5093795093795094, 0.5487179487179487, 0.6739130434782608, 0.6415770609318996, 0.6354166666666666, 0.6415770609318996, 0.6893874029335634, 0.6815724815724815, 0.657985257985258, 0.7252495649784778, 0.7309658326607479, 0.7948016415868673, 0.8067632850241546, 0.7910135841170325, 0.7443181818181819, 0.7573626373626374, 0.7825899404710552, 0.8067632850241546, 0.8299858321526794, 0.8412698412698412, 0.8299858321526794, 0.8067632850241546, 0.8299858321526794, 0.8299858321526794, 0.7948016415868673, 0.8299858321526794, 0.8412698412698412, 0.8412698412698412, 0.832663440242802, 0.832663440242802, 0.8412698412698412, 0.832663440242802, 0.8412698412698412, 0.8299858321526794], "train_acc": [0.5812474489212036, 0.6270686388015747, 0.6494166851043701, 0.6275078654289246, 0.6021606922149658, 0.584382951259613, 0.5751053094863892, 0.5725160837173462, 0.5737540125846863, 0.5735884308815002, 0.5770140886306763, 0.5697131752967834, 0.5573318004608154, 0.5445461273193359, 0.5349074602127075, 0.5275858044624329, 0.524395227432251, 0.5238759517669678, 0.5203558206558228, 0.5234189033508301, 0.521710991859436, 0.5105904340744019, 0.5042563080787659, 0.5052406787872314, 0.4990925192832947, 0.4854530692100525, 0.4808081090450287, 0.4720696806907654, 0.47089463472366333, 0.4708242416381836, 0.47303229570388794, 0.4621034860610962, 0.4537844955921173, 0.4492166340351105, 0.4449498951435089, 0.44345518946647644, 0.4450753331184387, 0.44143712520599365, 0.43307942152023315, 0.43371304869651794, 0.433204710483551, 0.4260473847389221, 0.4209199845790863, 0.4179326891899109, 0.4208875000476837, 0.41392484307289124, 0.4132446050643921, 0.4157949984073639, 0.4207339286804199, 0.40969228744506836], "val_acc": [0.36170212765957444, 0.36170212765957444, 0.36170212765957444, 0.36170212765957444, 0.36170212765957444, 0.36170212765957444, 0.36170212765957444, 0.36170212765957444, 0.36170212765957444, 0.36170212765957444, 0.36170212765957444, 0.36170212765957444, 0.36170212765957444, 0.36170212765957444, 0.5738636363636364, 0.6534017971758664, 0.6534017971758664, 0.6534017971758664, 0.6534017971758664, 0.5738636363636364, 0.5738636363636364, 0.6534017971758664, 0.6534017971758664, 0.6534017971758664, 0.6534017971758664, 0.7532314923619271, 0.7532314923619271, 0.7532314923619271, 0.7532314923619271, 0.7532314923619271, 0.7532314923619271, 0.7532314923619271, 0.7532314923619271, 0.7532314923619271, 0.7532314923619271, 0.7532314923619271, 0.7532314923619271, 0.7532314923619271, 0.7532314923619271, 0.7532314923619271, 0.7532314923619271, 0.7532314923619271, 0.7532314923619271, 0.7532314923619271, 0.7532314923619271, 0.7532314923619271, 0.7532314923619271, 0.7532314923619271, 0.7532314923619271, 0.7532314923619271]}