{"Train Loss": 1.2342498004436493, "Train F1 (macro)": 0.7235453723243896, "Validation Loss": 0.3136591911315918, "Validation F1 (macro)": 0.8916129032258064, "_timestamp": 1698320668.390197, "_runtime": 30.845250129699707, "_step": 149}