{"Train Loss": 0.7091120481491089, "Train F1 (macro)": 0.8412698412698412, "Validation Loss": 0.4038735330104828, "Validation F1 (macro)": 0.7532314923619271, "_timestamp": 1698230103.7324932, "_runtime": 51.92927122116089, "_step": 199}